timestamp,service,status,response_time_ms
2026-08-18 02:52:17 UTC,Portfolio Website,UP,267
2026-08-18 02:52:17 UTC,My API,UP,93
2026-08-18 02:52:17 UTC,Google,UP,106
2026-08-18 03:36:35 UTC,Portfolio Website,UP,60
2026-08-18 03:36:35 UTC,My API,UP,38
2026-08-18 03:36:35 UTC,Google,UP,43
2026-08-18 04:19:06 UTC,Portfolio Website,UP,313
2026-08-18 04:19:06 UTC,My API,UP,94
2026-08-18 04:19:06 UTC,Google,UP,95
2026-08-18 04:59:54 UTC,Portfolio Website,UP,214
2026-08-18 04:59:54 UTC,My API,UP,74
2026-08-18 04:59:54 UTC,Google,UP,89
2026-08-18 05:33:03 UTC,Portfolio Website,UP,279
2026-08-18 05:33:03 UTC,My API,UP,96
2026-08-18 05:33:03 UTC,Google,UP,117
2026-08-18 06:00:36 UTC,Portfolio Website,UP,313
2026-08-18 06:00:36 UTC,My API,UP,104
2026-08-18 06:00:36 UTC,Google,UP,82
